{
	"region-1": "Corsica",
	"region-2": "Latium",
	"region-3": "Switzerland",
	"region-4": "Lower Austria",
	"region-5": "Ostpreussen",
	"region-6": "Vlaanderen",
	"region-7": "Holland",
	"region-8": "Luxemburg",
	"region-9": "Bohemia",
	"region-10": "Warszawa",
	"region-11": "Kaunas",
	"region-12": "Vidzeme",
	"region-13": "Harju",
	"region-14": "Brittany",
	"region-15": "Normandy",
	"region-16": "Ile de France",
	"region-17": "Lorraine",
	"region-18": "Champagne",
	"region-19": "Aquitaine",
	"region-20": "Rhone",
	"region-21": "Provence",
	"region-22": "Languedoc",
	"region-23": "Poitou",
	"region-24": "Centre",
	"region-25": "Limousin",
	"region-26": "Auvergne",
	"region-27": "Bourgogne",
	"region-28": "Alsace",
	"region-29": "Pas de Calais",
	"region-30": "Loire",
	"region-31": "Midi Pyrenees",
	"region-32": "Alpes",
	"region-33": "Centre-Sud",
	"region-34": "Wallonie",
	"region-35": "Brabant",
	"region-36": "Friesland",
	"region-37": "Sjaelland",
	"region-38": "Norrland",
	"region-39": "South Tyrol",
	"region-40": "Barnaul",
	"region-41": "Madrid",
	"region-42": "Moselland",
	"region-43": "Northern Hungary",
	"region-44": "Albania",
	"region-45": "Vojvodina",
	"region-46": "Muntenia",
	"region-47": "Thessaly",
	"region-48": "Sofia",
	"region-49": "Ankara",
	"region-50": "Württemberg",
	"region-51": "Rhineland",
	"region-52": "Oberbayern",
	"region-53": "Niederbayern",
	"region-54": "Franken",
	"region-55": "Hessen",
	"region-56": "Weser-Ems",
	"region-57": "Westfalen",
	"region-58": "Schleswig-Holstein",
	"region-59": "Hannover",
	"region-60": "Thüringen",
	"region-61": "Mecklenburg",
	"region-62": "Pommern",
	"region-63": "Hinterpommern",
	"region-64": "Brandenburg",
	"region-65": "Sachsen",
	"region-66": "Niederschlesien",
	"region-67": "Oberschlesien",
	"region-68": "Ostmark",
	"region-69": "Sudetenland",
	"region-70": "Western Slovakia",
	"region-71": "Eastern Slovakia",
	"region-72": "Zaolzie",
	"region-73": "Carpathian Ruthenia",
	"region-74": "Eastern Sudetenland",
	"region-75": "Moravia",
	"region-76": "North Transylvania",
	"region-77": "Dobrudja",
	"region-78": "Bessarabia",
	"region-79": "Moldova",
	"region-80": "Bucovina",
	"region-81": "Oltenia",
	"region-82": "Banat",
	"region-83": "Crisana",
	"region-84": "Transylvania",
	"region-85": "Danzig",
	"region-86": "Poznan",
	"region-87": "Lodz",
	"region-88": "Krakow",
	"region-89": "Stanislawow",
	"region-90": "Kielce",
	"region-91": "Lwow",
	"region-92": "Lublin",
	"region-93": "Wolyn",
	"region-94": "Polesie",
	"region-95": "Nowogrodek",
	"region-96": "Wilno",
	"region-97": "Bialystok",
	"region-98": "Plock",
	"region-99": "Jutland",
	"region-100": "Iceland",
	"region-101": "Greenland",
	"region-102": "Slovenia",
	"region-103": "Dalmatia",
	"region-104": "Bosnia",
	"region-105": "Montenegro",
	"region-106": "Macedonia",
	"region-107": "Serbia",
	"region-108": "Morava",
	"region-109": "Croatia",
	"region-110": "Ostlandet",
	"region-111": "Uusimaa",
	"region-112": "Lisbon",
	"region-113": "Leinster",
	"region-114": "Sardinia",
	"region-115": "Sicily",
	"region-116": "Malta",
	"region-117": "Campania",
	"region-118": "Gibraltar",
	"region-119": "Northern Ireland",
	"region-120": "Scottish Highlands",
	"region-121": "Lothian",
	"region-122": "Wales",
	"region-123": "Cornwall",
	"region-124": "Gotland",
	"region-125": "East Anglia",
	"region-126": "Greater London Area",
	"region-127": "Sussex",
	"region-128": "West Midlands",
	"region-129": "East Midlands",
	"region-130": "Yorkshire",
	"region-131": "Northern England",
	"region-132": "Lancashire",
	"region-133": "Lanark",
	"region-134": "Connaught",
	"region-135": "Munster",
	"region-136": "Aberdeenshire",
	"region-137": "Crimea",
	"region-138": "Scania",
	"region-139": "Småland",
	"region-140": "Västergötland",
	"region-141": "Svealand",
	"region-142": "Vestlandet",
	"region-143": "Trondelag",
	"region-144": "Nord-Norge",
	"region-145": "Aland",
	"region-146": "Karjala",
	"region-147": "Salla",
	"region-148": "Lappi",
	"region-149": "Pohjanmaa",
	"region-150": "Savo",
	"region-151": "Eastern Switzerland",
	"region-152": "Upper Austria",
	"region-153": "Tyrol",
	"region-154": "Alföld",
	"region-155": "Transdanubia",
	"region-156": "Calabria",
	"region-157": "Abruzzo",
	"region-158": "Piedmont",
	"region-159": "Lombardy",
	"region-160": "Veneto",
	"region-161": "Emilia Romagna",
	"region-162": "Tuscany",
	"region-163": "Zara",
	"region-164": "Dodecanese",
	"region-165": "Catalonia",
	"region-166": "Aragon",
	"region-167": "Valencia",
	"region-168": "Murcia",
	"region-169": "Andalusia",
	"region-170": "Extremadura",
	"region-171": "Galicia",
	"region-172": "Navarre",
	"region-173": "Granada",
	"region-174": "Leon",
	"region-175": "La Mancha",
	"region-176": "Castille",
	"region-177": "Balearic Islands",
	"region-178": "Canary islands",
	"region-179": "Beja",
	"region-180": "Porto",
	"region-181": "Guarda",
	"region-182": "Crete",
	"region-183": "Cyprus",
	"region-184": "Thrace",
	"region-185": "Epirus",
	"region-186": "Peloponnese",
	"region-187": "Aegean Islands",
	"region-188": "Memel",
	"region-189": "Siauliai",
	"region-190": "Kurzeme",
	"region-191": "Tartu",
	"region-192": "Odessa",
	"region-193": "Chernihiv",
	"region-194": "Mozyr",
	"region-195": "Leningrad",
	"region-196": "Kherson",
	"region-197": "Mykolaiv",
	"region-198": "Vinnytsia",
	"region-199": "Khmelnytskyi",
	"region-200": "Zaporozhe",
	"region-201": "Zhytomyr",
	"region-202": "Kiev",
	"region-203": "Cherkasy",
	"region-204": "Bobruysk",
	"region-205": "Kaluga",
	"region-206": "Minsk",
	"region-207": "Vitebsk",
	"region-208": "Luga",
	"region-209": "Pskov",
	"region-210": "Nevel",
	"region-211": "Burgas",
	"region-212": "Plovdiv",
	"region-213": "Murmansk",
	"region-214": "Arkhangelsk",
	"region-215": "Onega",
	"region-216": "Olonets",
	"region-217": "Stalingrad",
	"region-218": "Rostov",
	"region-219": "Moscow",
	"region-220": "Kursk",
	"region-221": "Kharkov",
	"region-222": "Orel",
	"region-223": "Tula",
	"region-224": "Bryansk",
	"region-225": "Sumy",
	"region-226": "Dnipropetrovsk",
	"region-227": "Stalino",
	"region-228": "Voroshilovgrad",
	"region-229": "Azerbaijan",
	"region-230": "Armenia",
	"region-231": "Georgia",
	"region-232": "Grozny",
	"region-233": "Caucasus Mountains",
	"region-234": "Krasnodar",
	"region-235": "Stravropol",
	"region-236": "Astrakhan",
	"region-237": "Elista",
	"region-238": "Volgodonsk",
	"region-239": "Saratov",
	"region-240": "Belgorod",
	"region-241": "Gomel",
	"region-242": "Smolensk",
	"region-243": "Roslavl",
	"region-244": "Volkhov",
	"region-245": "Millerovo",
	"region-246": "Rzhev",
	"region-247": "Kalinin",
	"region-248": "Yaroslavl",
	"region-249": "Kazan",
	"region-250": "Ulyanovsky",
	"region-251": "Kuibyshev",
	"region-252": "Gorki",
	"region-253": "Ivanovo",
	"region-254": "Ryazan",
	"region-255": "Penza",
	"region-256": "Cheboksary",
	"region-257": "Tambov",
	"region-258": "Lipetsk",
	"region-259": "Poltava",
	"region-260": "Voronezh",
	"region-261": "Ohio",
	"region-262": "Pechora",
	"region-263": "Novgorod",
	"region-264": "Tikhvin",
	"region-265": "Mikhaylovka",
	"region-266": "Tehran",
	"region-267": "Kabul",
	"region-268": "French Somaliland",
	"region-269": "British Somaliland",
	"region-270": "Pitcairn Island",
	"region-271": "Ethiopia",
	"region-272": "Senegal",
	"region-273": "Libyan Desert",
	"region-274": "Ghana",
	"region-275": "Transvaal",
	"region-276": "Southern Ontario",
	"region-277": "Mexico City",
	"region-278": "Pampas",
	"region-279": "Santiago",
	"region-280": "Mato Grosso",
	"region-281": "Maldives",
	"region-282": "Kanto",
	"region-283": "Gansu",
	"region-284": "North Island",
	"region-285": "New South Wales",
	"region-286": "Southern Indochina",
	"region-287": "Taklamakan",
	"region-288": "Burma",
	"region-289": "Siam",
	"region-290": "Spanish Africa",
	"region-291": "Baghdad",
	"region-292": "Nejd",
	"region-293": "Yemen",
	"region-294": "Oman",
	"region-295": "Leopoldville",
	"region-296": "Portuguese Guinea",
	"region-297": "Equatorial Guinea",
	"region-298": "Liberia",
	"region-299": "Falkland Islands",
	"region-300": "Uruguay",
	"region-301": "Paraguay",
	"region-302": "La Paz",
	"region-303": "Lima",
	"region-304": "Panama",
	"region-305": "Ecuador",
	"region-306": "Cundinamarca",
	"region-307": "Miranda",
	"region-308": "Leeward Islands",
	"region-309": "Suriname",
	"region-310": "French Guiana",
	"region-311": "British Mexico",
	"region-312": "Honduras",
	"region-313": "Guatemala",
	"region-314": "El Salvador",
	"region-315": "Cuba",
	"region-316": "Costa Rica",
	"region-317": "Nicaragua",
	"region-318": "Haiti",
	"region-319": "Dominican Republic",
	"region-320": "French India",
	"region-321": "Goa",
	"region-322": "Tibet",
	"region-323": "Nepal",
	"region-324": "Bhutan",
	"region-325": "Yunnan",
	"region-326": "Hong Kong",
	"region-327": "Manila",
	"region-328": "Kirin",
	"region-329": "Tannu Tuva",
	"region-330": "Mongolia",
	"region-331": "Newfoundland",
	"region-332": "Labrador",
	"region-333": "North Borneo",
	"region-334": "Kalimantan",
	"region-335": "Java",
	"region-336": "Singapore",
	"region-337": "Faroe Islands",
	"region-338": "Gloucestershire",
	"region-339": "Izmir",
	"region-340": "Bursa",
	"region-341": "Istanbul",
	"region-342": "Antalya",
	"region-343": "Afyon",
	"region-344": "Adana",
	"region-345": "Mersin",
	"region-346": "Konya",
	"region-347": "Izmit",
	"region-348": "Kayseri",
	"region-349": "Sivas",
	"region-350": "Malatya",
	"region-351": "Vologda",
	"region-352": "Van",
	"region-353": "Erzurum",
	"region-354": "Trabzon",
	"region-355": "Samsun",
	"region-356": "Kastamonu",
	"region-357": "New England",
	"region-358": "New York",
	"region-359": "New Jersey",
	"region-360": "Pennsylvania",
	"region-361": "Maryland",
	"region-362": "Virginia",
	"region-363": "North Carolina",
	"region-364": "South Carolina",
	"region-365": "Georgia",
	"region-366": "Florida",
	"region-367": "Alabama",
	"region-368": "Tennessee",
	"region-369": "Kentucky",
	"region-370": "Mississippi",
	"region-371": "Louisiana",
	"region-372": "Arkansas",
	"region-373": "Missouri",
	"region-374": "Oklahoma",
	"region-375": "Texas",
	"region-376": "New Mexico",
	"region-377": "Arizona",
	"region-378": "California",
	"region-379": "Nevada",
	"region-380": "Utah",
	"region-381": "Wyoming",
	"region-382": "Colorado",
	"region-383": "Kansas",
	"region-384": "Nebraska",
	"region-385": "Oregon",
	"region-386": "Washington",
	"region-387": "Idaho",
	"region-388": "Montana",
	"region-389": "North Dakota",
	"region-390": "South Dakota",
	"region-391": "Minnesota",
	"region-392": "Iowa",
	"region-393": "Michigan",
	"region-394": "Wisconsin",
	"region-395": "Illinois",
	"region-396": "Indiana",
	"region-397": "Syktyvkar",
	"region-398": "Perm",
	"region-399": "Izhevsk",
	"region-400": "Kirov",
	"region-401": "Engels",
	"region-402": "Akhtubinsk",
	"region-403": "Tyumen",
	"region-404": "Kyzyl Orda",
	"region-405": "Tashkent",
	"region-406": "Gurev",
	"region-407": "Uralsk",
	"region-408": "Vladivostok",
	"region-409": "Khabarovsk",
	"region-410": "Sistan",
	"region-411": "Isfahan",
	"region-412": "Fars",
	"region-413": "Khuzestan",
	"region-414": "Kerman",
	"region-415": "Herat",
	"region-416": "Khorasan",
	"region-417": "Hamadan",
	"region-418": "Semnan",
	"region-419": "Tibriz",
	"region-420": "Gilan",
	"region-421": "Kurdistan",
	"region-422": "Ceylon",
	"region-423": "Madurai",
	"region-424": "Madras",
	"region-425": "Mysore",
	"region-426": "Orissa",
	"region-427": "Hyderabad",
	"region-428": "Gujarat",
	"region-429": "Bombay",
	"region-430": "East Bengal",
	"region-431": "West Bengal",
	"region-432": "Assam",
	"region-433": "Rajahsthan",
	"region-434": "Arunachal Pradesh",
	"region-435": "Bihar",
	"region-436": "Jabalpur",
	"region-437": "Indore",
	"region-438": "Lucknow",
	"region-439": "Delhi",
	"region-440": "Punjab",
	"region-441": "Kashmir",
	"region-442": "Peshawar",
	"region-443": "Sind",
	"region-444": "Baluchistan",
	"region-445": "Quetta",
	"region-446": "Cairo",
	"region-447": "Alexandria",
	"region-448": "Tripoli",
	"region-449": "El Agheila",
	"region-450": "Benghasi",
	"region-451": "Derna",
	"region-452": "Marsa Matruh",
	"region-453": "Sinai",
	"region-454": "Palestine",
	"region-455": "Jordan",
	"region-456": "Aswan",
	"region-457": "Eastern Desert",
	"region-458": "Tunisia",
	"region-459": "Algiers",
	"region-460": "Constantine",
	"region-461": "Casablanca",
	"region-462": "Marrakech",
	"region-463": "Alaska",
	"region-464": "Nova Scotia",
	"region-465": "New Brunswick",
	"region-466": "Quebec",
	"region-467": "Manitoba",
	"region-468": "Saint Lawrence",
	"region-469": "Saskatchewan",
	"region-470": "Alberta",
	"region-471": "Northwestern Canada",
	"region-472": "Northern Canada",
	"region-473": "British Columbia",
	"region-474": "Yucatan",
	"region-475": "Chiapas",
	"region-476": "Oaxaca",
	"region-477": "Veracruz",
	"region-478": "Jalisco",
	"region-479": "Tamaulipas",
	"region-480": "Coahuila",
	"region-481": "Durango",
	"region-482": "Chihuahua",
	"region-483": "Sonora",
	"region-484": "Baja California",
	"region-485": "Guerrero",
	"region-486": "Meta",
	"region-487": "Santa Cruz",
	"region-488": "Bolivar",
	"region-489": "Zulia",
	"region-490": "Pastaza",
	"region-491": "Loreto",
	"region-492": "Arequipa",
	"region-493": "La Libertad",
	"region-494": "Ucayali",
	"region-495": "Amazonas",
	"region-496": "Para",
	"region-497": "Maranhao",
	"region-498": "Rio Grande",
	"region-499": "Bahia",
	"region-500": "Rio de Janeiro",
	"region-501": "Sao Paulo",
	"region-502": "Rio Grande Sul",
	"region-503": "Santa Catarina",
	"region-504": "Iguacu",
	"region-505": "Goias",
	"region-506": "Antofagasta",
	"region-507": "Magallanes",
	"region-508": "Tucuman",
	"region-509": "Chaco Austral",
	"region-510": "Mesopotamia",
	"region-511": "Mendoza",
	"region-512": "Patagonia",
	"region-513": "Tlemcen",
	"region-514": "Algerian Desert",
	"region-515": "Southern Sahara",
	"region-516": "Northwest Siberia",
	"region-517": "Victoria",
	"region-518": "Tasmania",
	"region-519": "South Australia",
	"region-520": "Northern Territory",
	"region-521": "Queensland",
	"region-522": "Western Australia",
	"region-523": "Papua",
	"region-524": "Taiwan",
	"region-525": "South Korea",
	"region-526": "Okinawa",
	"region-527": "North Korea",
	"region-528": "Kyushu",
	"region-529": "Chugoku",
	"region-530": "Shikoku",
	"region-531": "Kansai",
	"region-532": "Tokai",
	"region-533": "Tohoku",
	"region-534": "Hokuriku",
	"region-535": "Koshinetsu",
	"region-536": "Hokkaido",
	"region-537": "South Sakhalin",
	"region-538": "Central Congo",
	"region-539": "Gabon",
	"region-540": "Angola",
	"region-541": "South West Africa",
	"region-542": "Bechuanaland",
	"region-543": "Madagascar",
	"region-544": "Mozambique",
	"region-545": "Rhodesia",
	"region-546": "Tanganyika",
	"region-547": "Kenya",
	"region-548": "Uganda",
	"region-549": "Sudan",
	"region-550": "Eritrea",
	"region-551": "Khartoum",
	"region-552": "Western Desert",
	"region-553": "Lebanon",
	"region-554": "Damascus",
	"region-555": "Kuril Islands",
	"region-556": "French West Africa",
	"region-557": "Mauritania",
	"region-558": "Nigeria",
	"region-559": "Somaliland",
	"region-560": "Nikolayevsk",
	"region-561": "Amur",
	"region-562": "Okhotsk",
	"region-563": "Chita",
	"region-564": "Ulan Ude",
	"region-565": "Bodaybo",
	"region-566": "Irkutsk",
	"region-567": "Bratsk",
	"region-568": "Krasnoyarsk",
	"region-569": "Kemerovo",
	"region-570": "Novosibirsk",
	"region-571": "Omsk",
	"region-572": "Chelyabinsk",
	"region-573": "Zlatoust",
	"region-574": "Yakutsk",
	"region-575": "Kirensk",
	"region-576": "Yeniseisk",
	"region-577": "Surgut",
	"region-578": "Tomsk",
	"region-579": "Salekhard",
	"region-580": "Tobolsk",
	"region-581": "Northern Urals",
	"region-582": "Magnitogorsk",
	"region-583": "Kustanay",
	"region-584": "Ashkhabad",
	"region-585": "Urgench",
	"region-586": "Alma-Ata",
	"region-587": "Ust Urt",
	"region-588": "Semipalatinsk",
	"region-589": "Ayaguz",
	"region-590": "Akmolinsk",
	"region-591": "Hainan",
	"region-592": "Guangzhou",
	"region-593": "Guangdong",
	"region-594": "Nanning",
	"region-595": "Fujian",
	"region-596": "Zhejiang",
	"region-597": "Shandong",
	"region-598": "Jiangsu",
	"region-599": "Guangxi",
	"region-600": "Jiangxi",
	"region-601": "Xikang",
	"region-602": "Hunan",
	"region-603": "Guizhou",
	"region-604": "Qinghai",
	"region-605": "Sichuan",
	"region-606": "Anhui",
	"region-607": "Henan",
	"region-608": "Beijing",
	"region-609": "East Hebei",
	"region-610": "Jehol",
	"region-611": "South Chahar",
	"region-612": "Chahar",
	"region-613": "Shanghai",
	"region-614": "Hebei",
	"region-615": "Shanxi",
	"region-616": "Ningxia",
	"region-617": "Urumqi",
	"region-618": "Dzungaria",
	"region-619": "Yarkand",
	"region-620": "Hubei",
	"region-621": "Suiyuan",
	"region-622": "Shaanxi",
	"region-623": "Luzon",
	"region-624": "Central islands",
	"region-625": "Samar",
	"region-626": "Palawan",
	"region-627": "Mindanao",
	"region-628": "Cebu",
	"region-629": "Hawaii",
	"region-630": "Johnston Atoll",
	"region-631": "Midway Island",
	"region-632": "Wake Island",
	"region-633": "Marshall Islands",
	"region-634": "Solomon Islands",
	"region-635": "New Caledonia",
	"region-636": "Fiji",
	"region-637": "Kamchatka",
	"region-638": "Guam",
	"region-639": "Gilbert Islands",
	"region-640": "Mandalay",
	"region-641": "Tahiti",
	"region-642": "Phoenix Island",
	"region-643": "Ellice Islands",
	"region-644": "Northeast Siberia",
	"region-645": "Iwo Jima",
	"region-646": "Saipan",
	"region-647": "Palau",
	"region-648": "Marcus Island",
	"region-649": "Galapagos Islands",
	"region-650": "Attu Island",
	"region-651": "Ufa",
	"region-652": "Orenburg",
	"region-653": "Sverdlovsk",
	"region-654": "Gorno-Altaysk",
	"region-655": "North Sakhalin",
	"region-656": "Kuwait",
	"region-657": "Birobidzhan",
	"region-658": "Abu Dhabi",
	"region-659": "Aden",
	"region-660": "Equatorial Africa",
	"region-661": "Tripolitania",
	"region-662": "Sirte",
	"region-663": "Cyrenaica",
	"region-664": "Southern Slovakia",
	"region-665": "Gabes",
	"region-666": "Lappland",
	"region-667": "Lesser Sunda Islands",
	"region-668": "The Moluccas",
	"region-669": "West Papua",
	"region-670": "Laos",
	"region-671": "Tonkin",
	"region-672": "Sumatra",
	"region-673": "Sulawesi",
	"region-674": "Central Australia",
	"region-675": "Al Hajara",
	"region-676": "Mosul",
	"region-677": "Aleppo",
	"region-678": "Rub al Khali",
	"region-679": "Hejaz",
	"region-680": "Deir-az-Zur",
	"region-681": "Cape",
	"region-682": "Northern Ontario",
	"region-683": "Northeastern Canada",
	"region-684": "Caroline Islands",
	"region-685": "Panama Canal",
	"region-686": "Puerto Rico",
	"region-687": "British Guyana",
	"region-688": "Chaco Boreal",
	"region-689": "Jamaica",
	"region-690": "Northern Bahamas",
	"region-691": "Trinidad",
	"region-692": "Windward Islands",
	"region-693": "Southern Bahamas",
	"region-694": "French Caribbean",
	"region-695": "Curacao",
	"region-696": "Bermuda",
	"region-697": "Madeira",
	"region-698": "Azores",
	"region-699": "Rio de Oro",
	"region-700": "Sierra Leone",
	"region-701": "Gambia",
	"region-702": "Cape Verde",
	"region-703": "Ascension",
	"region-704": "Saint Helena",
	"region-705": "Sao Tome",
	"region-706": "Reunion",
	"region-707": "Mauritius",
	"region-708": "Comoro Islands",
	"region-709": "Seychelles",
	"region-710": "Diego Garcia",
	"region-711": "Christmas Island",
	"region-712": "Cocos Islands",
	"region-713": "Kerguelen",
	"region-714": "Heilungkiang",
	"region-715": "Liaoning",
	"region-716": "Liaotung",
	"region-717": "Sungkiang",
	"region-718": "Stanleyville",
	"region-719": "Natal",
	"region-720": "South Georgia",
	"region-721": "Portuguese Timor",
	"region-722": "Petsamo",
	"region-723": "South Island",
	"region-724": "Northern Malay",
	"region-725": "Nauru",
	"region-726": "Samoa",
	"region-727": "Line Islands",
	"region-728": "Guangzhouwan",
	"region-729": "Macau",
	"region-730": "St Pierre and Miquelon",
	"region-731": "Central Macedonia",
	"region-732": "Pamir",
	"region-733": "Andaman",
	"region-734": "Nendo",
	"region-735": "Savoy",
	"region-736": "Istria",
	"region-737": "Bismarck",
	"region-738": "Aru Islands",
	"region-739": "Haida Gwaii",
	"region-740": "Vancouver Island",
	"region-741": "Cambodia",
	"region-742": "Stalinabad",
	"region-743": "Qingdao",
	"region-744": "Xian",
	"region-745": "Dalian",
	"region-746": "Ordos",
	"region-747": "Dali Bai",
	"region-748": "Zunyi",
	"region-749": "Huangshan",
	"region-750": "Changde",
	"region-751": "Liangshan",
	"region-752": "Chamdo",
	"region-753": "Gannan",
	"region-754": "Golog",
	"region-755": "Haixi",
	"region-756": "Jiuquan",
	"region-757": "Shigatse",
	"region-758": "Ngari",
	"region-759": "Kunlun",
	"region-760": "Dabancheng",
	"region-761": "Hulunbuir",
	"region-762": "Silesian Voivodeship"
}
